presence_ratio,foraging_niche,trophic_niche,is_noctural,pc1,pc2,pc3,pc4,abs_pc1_delta,abs_pc2_delta,abs_pc3_delta,abs_pc4_delta,pc1_delta,pc2_delta,pc3_delta,pc4_delta
0,Herbivore arboreal,Herbivore terrestrial,FALSE,3.52032746690764,0.856920565706961,-0.610910302901029,-0.385997053720152,3.5200686601420093,0.8616000393254485,0.597182394126095,0.3775247035087072,3.5200686601420093,0.8616000393254485,-0.597182394126095,-0.3775247035087072
0,Vertivore perch,Vertivore,FALSE,-1.14941443579813,-1.4306133844367,0.307022385534325,0.575447468354515,1.1496732425637608,1.4259339108182123,0.320750294309259,0.5839198185659598,-1.1496732425637608,-1.4259339108182123,0.320750294309259,0.5839198185659598
0,"NA",Omnivore,FALSE,-0.3518916313587807,-1.1809333812571825,0.5647430441578309,-0.256145329778741,0.3521504381244115,1.1762539076386949,0.578470952932765,0.24767297956729623,-0.3521504381244115,-1.1762539076386949,0.578470952932765,-0.24767297956729623
0,Invertivore sally surface,Invertivore,TRUE,0.7758965730592583,0.10612601582760856,-0.5090301157830869,0.32953934266235224,0.7756377662936276,0.11080548944609611,0.49530220700815286,0.338011692873797,0.7756377662936276,0.11080548944609611,-0.49530220700815286,0.338011692873797
0,Vertivore arboreal,Vertivore,FALSE,2.02503878338438,-0.373091328649588,-0.699156227807013,-0.72337715130937,2.024779976618749,0.3684118550311004,0.685428319032079,0.7149048010979252,2.024779976618749,-0.3684118550311004,-0.685428319032079,-0.7149048010979252
0,Nectarivore glean,Nectarivore,FALSE,-0.338672472070699,-0.219148071251872,0.171884548102889,-1.09241344374947,0.3389312788363298,0.21446859763338444,0.18561245687782302,1.0839410935380251,-0.3389312788363298,-0.21446859763338444,0.18561245687782302,-1.0839410935380251
0,Nectarivore aerial,Nectarivore,FALSE,-4.0364831208355,0.088460758887326,0.487478250266087,-0.710896172801761,4.036741927601131,0.09314023250581356,0.501206159041021,0.7024238225903162,-4.036741927601131,0.09314023250581356,0.501206159041021,-0.7024238225903162
0,Fugivore glean,Frugivore,FALSE,3.1848248596227324,-2.07461686381028,-0.258496277885692,0.1323835912192515,3.1845660528571016,2.0699373901917926,0.244768369110758,0.1408559414306963,3.1845660528571016,-2.0699373901917926,-0.244768369110758,0.1408559414306963
0,Fugivore glean,Frugivore,FALSE,6.801638273583235,-2.1083415871843147,-0.68839160510981,-0.053942915016587295,6.801379466817604,2.1036621135658273,0.674663696334876,0.04547056480514251,6.801379466817604,-2.1036621135658273,-0.674663696334876,-0.04547056480514251
0,Invertivore ground,Invertivore,FALSE,-1.91906702999092,0.4698770832554055,1.091041590541005,0.6103068762650145,1.9193258367565509,0.4745565568738931,1.104769499315939,0.6187792264764592,-1.9193258367565509,0.4745565568738931,1.104769499315939,0.6187792264764592
0,Generalist,Herbivore terrestrial,FALSE,3.917680969954345,0.9484491193308805,0.03552717181159583,0.09861709904854721,3.9174221631887143,0.953128592949368,0.04925508058652984,0.10708944925999199,3.9174221631887143,0.953128592949368,0.04925508058652984,0.10708944925999199
0,Aquatic ground,Aquatic predator,FALSE,4.33381463324698,-1.21396558333783,-0.130920307696324,0.550799871997887,4.333555826481349,1.2092861097193424,0.11719239892139,0.5592722222093318,4.333555826481349,-1.2092861097193424,-0.11719239892139,0.5592722222093318
0,"NA",Omnivore,TRUE,3.06305006925112,0.590637292480521,-0.154666446828004,0.0929967610462878,3.062791262485489,0.5953167660990085,0.14093853805307,0.10146911125773259,3.062791262485489,0.5953167660990085,-0.14093853805307,0.10146911125773259
0,Generalist,Invertivore,FALSE,-1.02910245117284,-1.66538429630975,0.427644214152946,0.534061789091415,1.0293612579384708,1.6607048226912624,0.44137212292788003,0.5425341393028598,-1.0293612579384708,-1.6607048226912624,0.44137212292788003,0.5425341393028598
0,Generalist,Invertivore,TRUE,1.08398472222063,1.01593952880638,-1.00354310899927,-1.47898491094315,1.0837259154549992,1.0206190024248676,0.9898152002243359,1.4705125607317053,1.0837259154549992,1.0206190024248676,-0.9898152002243359,-1.4705125607317053
0,Herbivore ground,Herbivore terrestrial,FALSE,5.35429676814317,0.778239131865585,0.125444962846168,0.457459856819588,5.354037961377539,0.7829186054840725,0.139172871621102,0.4659322070310328,5.354037961377539,0.7829186054840725,0.139172871621102,0.4659322070310328
0,Nectarivore aerial,Nectarivore,FALSE,-4.48641095705668,-1.19998475781344,1.35748839978653,0.210347066941021,4.486669763822311,1.1953052841949523,1.371216308561464,0.21881941715246578,-4.486669763822311,-1.1953052841949523,1.371216308561464,0.21881941715246578
0,Invertivore bark,Invertivore,FALSE,1.317049031005785,-1.2325809310684201,0.2883824923119895,-0.8524585126183305,1.3167902242401541,1.2279014574499325,0.3021104010869235,0.8439861624068857,1.3167902242401541,-1.2279014574499325,0.3021104010869235,-0.8439861624068857
0,Fugivore aerial,Frugivore,TRUE,2.80022242528305,0.161796057253372,-0.585659485647305,-0.22653352573662,2.799963618517419,0.16647553087185957,0.571931576872371,0.21806117552517523,2.799963618517419,0.16647553087185957,-0.571931576872371,-0.21806117552517523
0,"NA",Omnivore,FALSE,-4.23127930372598,-0.843213625210569,0.817821716782389,-0.16190028005205,4.231538110491611,0.8385341515920814,0.831549625557323,0.15342792984060521,-4.231538110491611,-0.8385341515920814,0.831549625557323,-0.15342792984060521
0,Nectarivore glean,Nectarivore,FALSE,-2.32686802287023,-1.28121968204339,0.757414778342026,0.170820799780872,2.3271268296358607,1.2765402084249025,0.77114268711696,0.17929314999231677,-2.3271268296358607,-1.2765402084249025,0.77114268711696,0.17929314999231677
0,Generalist,Invertivore,TRUE,2.79094648783016,-0.801236143131666,-1.35242094838172,0.343398377131638,2.7906876810645294,0.7965566695131785,1.338693039606786,0.3518707273430828,2.7906876810645294,-0.7965566695131785,-1.338693039606786,0.3518707273430828
0,Nectarivore aerial,Nectarivore,FALSE,-2.66823798263112,-1.30381291531784,1.18587931132976,-1.41470905754216,2.668496789396751,1.2991334416993523,1.1996072201046941,1.4062367073307152,-2.668496789396751,-1.2991334416993523,1.1996072201046941,-1.4062367073307152
0,Invertivore ground,Invertivore,FALSE,4.19851602857155,-0.694173044813843,0.598705148775999,-0.37153206325947674,4.198257221805919,0.6894935711953555,0.612433057550933,0.363059713048032,4.198257221805919,-0.6894935711953555,0.612433057550933,-0.363059713048032
0,Nectarivore aerial,Nectarivore,FALSE,-3.91169928233751,-0.596947736948527,1.46569770542801,-0.0793809266948943,3.9119580891031407,0.5922682633300395,1.479425614202944,0.07090857648344952,-3.9119580891031407,-0.5922682633300395,1.479425614202944,-0.07090857648344952
0,"NA",Omnivore,FALSE,-2.77537454847579,0.396774019565406,-0.787712157949,0.368141059002241,2.7756333552414207,0.40145349318389356,0.7739842491740659,0.37661340921368575,-2.7756333552414207,0.40145349318389356,-0.7739842491740659,0.37661340921368575
0,Fugivore glean,Frugivore,FALSE,2.4381934237595067,-1.774420083667689,-0.2746939947285856,0.3185292693114009,2.437934616993876,1.7697406100492015,0.26096608595365156,0.3270016195228457,2.437934616993876,-1.7697406100492015,-0.26096608595365156,0.3270016195228457
0,"NA",Omnivore,FALSE,6.85473298239256,0.435863719987983,0.343018056676793,-0.625199066166069,6.854474175626929,0.4405431936064706,0.35674596545172704,0.6167267159546242,6.854474175626929,0.4405431936064706,0.35674596545172704,-0.6167267159546242
0,Fugivore ground,Frugivore,FALSE,4.6639850732035,1.40581082358371,-0.535223065326012,-1.11331596861858,4.66372626643787,1.4104902972021975,0.521495156551078,1.1048436184071353,4.66372626643787,1.4104902972021975,-0.521495156551078,-1.1048436184071353
0,Herbivore aquatic ground,Herbivore aquatic,FALSE,3.53169403948638,0.120645241743707,0.541476051967281,0.387605502829941,3.531435232720749,0.12532471536219456,0.555203960742215,0.39607785304138576,3.531435232720749,0.12532471536219456,0.555203960742215,0.39607785304138576
0,Invertivore sally surface,Invertivore,FALSE,2.13148074784678,-2.02545213973998,-0.514027860475702,-0.182163686496521,2.131221941081149,2.0207726661214926,0.500299951700768,0.17369133628507621,2.131221941081149,-2.0207726661214926,-0.500299951700768,-0.17369133628507621
0,Aquatic ground,Aquatic predator,FALSE,2.18874431971467,-0.197627123759321,0.566230933096284,-1.12622580893393,2.1884855129490393,0.19294765014083345,0.579958841871218,1.1177534587224853,2.1884855129490393,-0.19294765014083345,0.579958841871218,-1.1177534587224853
0,Invertivore sally air,Invertivore,TRUE,2.6443802024966203,0.5986957956142255,-0.39711271036734896,-0.8292754240492555,2.6441213957309895,0.603375269232713,0.38338480159241495,0.8208030738378107,2.6441213957309895,0.603375269232713,-0.38338480159241495,-0.8208030738378107
0,Fugivore glean,Frugivore,FALSE,5.19770200363185,-1.1593305612026685,-1.177244255417645,0.138884957676359,5.197443196866219,1.154651087584181,1.163516346642711,0.14735730788780377,5.197443196866219,-1.154651087584181,-1.163516346642711,0.14735730788780377
0,Invertivore sally air,Invertivore,FALSE,-0.490853095091639,-0.458494414165341,-1.27451776938241,-0.782554953603513,0.4911119018572698,0.4538149405468534,1.2607898606074759,0.7740826033920682,-0.4911119018572698,-0.4538149405468534,-1.2607898606074759,-0.7740826033920682
0,Generalist,Invertivore,TRUE,0.280023408529609,0.635075697206371,-0.713064411555722,-1.44313813464936,0.2797646017639782,0.6397551708248586,0.699336502780788,1.4346657844379151,0.2797646017639782,0.6397551708248586,-0.699336502780788,-1.4346657844379151
0,Generalist,Frugivore,FALSE,3.56148275533928,0.869040947646343,-0.377371113719276,-0.412954207742282,3.561223948573649,0.8737204212648305,0.363643204944342,0.4044818575308372,3.561223948573649,0.8737204212648305,-0.363643204944342,-0.4044818575308372
0,"NA",Omnivore,FALSE,5.78907469542583,-1.60853982216705,-0.684022591589068,-0.263828814641517,5.788815888660199,1.6038603485485623,0.670294682814134,0.2553564644300722,5.788815888660199,-1.6038603485485623,-0.670294682814134,-0.2553564644300722
0,Invertivore glean arboreal,Invertivore,FALSE,-0.210575891686253,-1.68400927282182,0.579948567797315,-0.418039112062518,0.21083469845188374,1.6793297992033323,0.593676476572249,0.4095667618510732,-0.21083469845188374,-1.6793297992033323,0.593676476572249,-0.4095667618510732
0,Fugivore glean,Frugivore,FALSE,6.94429939339641,-2.29425296875649,-0.337339090126205,-0.513186238527991,6.944040586630779,2.2895734951380025,0.323611181351271,0.5047138883165462,6.944040586630779,-2.2895734951380025,-0.323611181351271,-0.5047138883165462
0,Invertivore glean arboreal,Invertivore,FALSE,2.15515574391343,-1.52277359561277,-0.571048353539799,-0.0917298394915869,2.1548969371477993,1.5180941219942823,0.557320444764865,0.08325748928014212,2.1548969371477993,-1.5180941219942823,-0.557320444764865,-0.08325748928014212
0,Generalist,Invertivore,FALSE,1.31931418199984,-1.22100809075252,-0.786161513680638,-0.214419936565205,1.3190553752342091,1.2163286171340324,0.772433604905704,0.2059475863537602,1.3190553752342091,-1.2163286171340324,-0.772433604905704,-0.2059475863537602
0,Herbivore ground,Herbivore terrestrial,FALSE,1.2943721867031228,0.8266646782475171,0.1578651675093113,0.38921652171763865,1.294113379937492,0.8313441518660046,0.1715930762842453,0.3976888719290834,1.294113379937492,0.8313441518660046,0.1715930762842453,0.3976888719290834
0,Fugivore glean,Frugivore,FALSE,5.47523130810683,-2.27758566255526,-0.764027776192452,-0.154797633317711,5.474972501341199,2.2729061889367728,0.750299867417518,0.1463252831062662,5.474972501341199,-2.2729061889367728,-0.750299867417518,-0.1463252831062662
0,"NA",Omnivore,FALSE,-0.867058685212044,-1.63601945479136,0.67218233379301,0.814564533729672,0.8673174919776747,1.6313399811728724,0.685910242567944,0.8230368839411167,-0.8673174919776747,-1.6313399811728724,0.685910242567944,0.8230368839411167
0,Invertivore glean arboreal,Invertivore,FALSE,2.34570340060854,0.565476464237195,-0.535338504453688,-0.516315444183351,2.345444593842909,0.5701559378556825,0.521610595678754,0.5078430939719062,2.345444593842909,0.5701559378556825,-0.521610595678754,-0.5078430939719062
0,Invertivore sally air,Invertivore,TRUE,-0.256248628692111,0.89512821856678,-0.814713103063182,-1.25715846585749,0.2565074354577418,0.8998076921852676,0.800985194288248,1.2486861156460451,-0.2565074354577418,0.8998076921852676,-0.800985194288248,-1.2486861156460451
0,Invertivore aerial,Invertivore,FALSE,-3.30093739271777,1.01146388348047,-0.223788467401953,0.156168298016102,3.301196199483401,1.0161433570989575,0.21006055862701897,0.16464064822754676,-3.301196199483401,1.0161433570989575,-0.21006055862701897,0.16464064822754676
0,Nectarivore aerial,Nectarivore,FALSE,-1.85684324817217,-1.24000146742231,0.452929566510812,-1.26856015939935,1.8571020549378008,1.2353219938038225,0.466657475285746,1.2600878091879053,-1.8571020549378008,-1.2353219938038225,0.466657475285746,-1.2600878091879053
0,Invertivore glean arboreal,Invertivore,FALSE,-2.76319912844137,0.520324445130559,-0.710832726593221,0.404636141513323,2.763457935207001,0.5250039187490465,0.697104817818287,0.41310849172476777,-2.763457935207001,0.5250039187490465,-0.697104817818287,0.41310849172476777
0,Fugivore ground,Frugivore,FALSE,4.521235832457055,0.8058244373200131,-0.1230447509201892,-0.2088734052739349,4.520977025691424,0.8105039109385006,0.1093168421452552,0.20040105506249012,4.520977025691424,0.8105039109385006,-0.1093168421452552,-0.20040105506249012
0,Invertivore sally ground,Invertivore,TRUE,2.69233612272483,0.423293716226365,-0.404497619375516,0.0208352475415008,2.692077315959199,0.4279731898448526,0.39076971060058197,0.029307597752945582,2.692077315959199,0.4279731898448526,-0.39076971060058197,0.029307597752945582
0,Aquatic ground,Aquatic predator,FALSE,2.72140620871356,-1.38325574990348,1.28680151024886,-0.0987516626990359,2.7211474019479294,1.3785762762849925,1.300529419023794,0.09027931248759112,2.7211474019479294,-1.3785762762849925,1.300529419023794,-0.09027931248759112
0,Invertivore ground,Invertivore,FALSE,-0.20583201356876,-1.05492038339129,0.667135358955071,-1.09011961675799,0.20609082033439075,1.0502409097728023,0.680863267730005,1.0816472665465453,-0.20609082033439075,-1.0502409097728023,0.680863267730005,-1.0816472665465453
0,Vertivore ground,Vertivore,FALSE,6.21437664454428,0.804596908169901,-0.349773721842563,-0.659834512171311,6.214117837778649,0.8092763817883886,0.336045813067629,0.6513621619598662,6.214117837778649,0.8092763817883886,-0.336045813067629,-0.6513621619598662
0,Generalist,Invertivore,TRUE,3.0623826016203903,0.43093149667670727,-0.376092882489048,-0.06651938831757122,3.0621237948547595,0.43561097029519485,0.36236497371411397,0.058047038106126436,3.0621237948547595,0.43561097029519485,-0.36236497371411397,-0.058047038106126436
0,Invertivore sally air,Invertivore,TRUE,0.39464360190567,1.02231654459444,-1.12479465209887,-1.59218886286627,0.3943847951400392,1.0269960182129276,1.111066743323936,1.5837165126548252,0.3943847951400392,1.0269960182129276,-1.111066743323936,-1.5837165126548252
0,"NA",Omnivore,FALSE,8.185451692124365,1.385034739909695,1.241807581552482,0.611715186961597,8.185192885358735,1.3897142135281826,1.255535490327416,0.6201875371730418,8.185192885358735,1.3897142135281826,1.255535490327416,0.6201875371730418
0,Invertivore glean arboreal,Invertivore,FALSE,-3.53822918181726,0.642493465926308,-0.454347074542563,0.278321159761817,3.538487988582891,0.6471729395447955,0.440619165767629,0.28679350997326175,-3.538487988582891,0.6471729395447955,-0.440619165767629,0.28679350997326175
0,Invertivore bark,Invertivore,FALSE,0.419984894411087,-1.37142940214902,-0.608135023335367,-1.27012813755843,0.4197260876454562,1.3667499285305325,0.5944071145604329,1.2616557873469851,0.4197260876454562,-1.3667499285305325,-0.5944071145604329,-1.2616557873469851
0,Invertivore ground,Invertivore,FALSE,2.8927312176103275,-1.531249751071575,-0.5543376423750126,-0.2568171597941312,2.8924724108446966,1.5265702774530874,0.5406097336000786,0.24834480958268645,2.8924724108446966,-1.5265702774530874,-0.5406097336000786,-0.24834480958268645
0,Aquatic surface,Aquatic predator,FALSE,1.29507747061205,0.821355108954558,1.27095275571063,0.752974980265195,1.2948186638464192,0.8260345825730455,1.284680664485564,0.7614473304766398,1.2948186638464192,0.8260345825730455,1.284680664485564,0.7614473304766398
0,Granivore ground,Granivore,FALSE,3.43418621321805,0.9219252758654646,-0.05804232129562803,-0.12694133519600248,3.433927406452419,0.9266047494839521,0.04431441252069402,0.1184689849845577,3.433927406452419,0.9266047494839521,-0.04431441252069402,-0.1184689849845577
0,Aquatic dive,Aquatic predator,FALSE,4.13918557006175,0.00764744716255161,0.608141876518371,0.919179875852343,4.138926763296119,0.01232692078103917,0.621869785293305,0.9276522260637877,4.138926763296119,0.01232692078103917,0.621869785293305,0.9276522260637877
0,Invertivore ground,Invertivore,FALSE,2.1557057112854934,-0.14937120981325974,0.36578694173722065,0.46612705773037433,2.1554469045198625,0.14469173619477219,0.37951485051215467,0.4745994079418191,2.1554469045198625,-0.14469173619477219,0.37951485051215467,0.4745994079418191
0,Invertivore sally air,Invertivore,FALSE,0.531166249352514,-1.065412189236508,-0.586122423305113,-0.7622065392696885,0.5309074425868833,1.0607327156180204,0.572394514530179,0.7537341890582437,0.5309074425868833,-1.0607327156180204,-0.572394514530179,-0.7537341890582437
0.027777777777777776,Aquatic ground,Aquatic predator,FALSE,7.530064797217102,-1.410851567635965,0.30635090973882223,-0.25086523324614796,7.529805990451472,1.4061720940174773,0.32007881851375625,0.2423928830347032,7.529805990451472,-1.4061720940174773,0.32007881851375625,-0.2423928830347032
0.030303030303030304,"NA",Omnivore,FALSE,6.645527843155788,0.0705898101779025,1.0139862741138792,-0.6951746927173597,6.645269036390157,0.07526928379639006,1.0277141828888132,0.6867023425059149,6.645269036390157,0.07526928379639006,1.0277141828888132,-0.6867023425059149
0.037037037037037035,Invertivore aerial,Invertivore,FALSE,-0.2639748205089215,1.45322288070427,0.321663463484083,0.13508907777950255,0.2642336272745523,1.4579023543227576,0.335391372259017,0.14356142799094734,-0.2642336272745523,1.4579023543227576,0.335391372259017,0.14356142799094734
0.04,Herbivore aquatic ground,Herbivore aquatic,FALSE,3.53169403948638,0.120645241743707,0.541476051967281,0.387605502829941,3.531435232720749,0.12532471536219456,0.555203960742215,0.39607785304138576,3.531435232720749,0.12532471536219456,0.555203960742215,0.39607785304138576
0.04081632653061224,Aquatic ground,Aquatic predator,FALSE,-0.468566551059803,-0.697615540328629,1.02528516314438,-0.15970885429872,0.4688253578254338,0.6929360667101415,1.039013071919314,0.15123650408727524,-0.4688253578254338,-0.6929360667101415,1.039013071919314,-0.15123650408727524
0.0425531914893617,Aquatic perch,Aquatic predator,TRUE,4.660071477553628,0.34648671183280394,-0.18929644342940305,0.11154314811962095,4.659812670787997,0.3511661854512915,0.17556853465446903,0.12001549833106573,4.659812670787997,0.3511661854512915,-0.17556853465446903,0.12001549833106573
0.05172413793103448,Vertivore perch,Vertivore,TRUE,1.1279096859766073,0.2182026974020002,-0.23858701915422434,0.44407855312075906,1.1276508792109765,0.22288217102048777,0.22485911037929032,0.4525509033322038,1.1276508792109765,0.22288217102048777,-0.22485911037929032,0.4525509033322038
0.061224489795918366,"NA",Omnivore,FALSE,6.53739264458271,-0.941855697260807,0.49366894176353,-0.586405374983372,6.53713383781708,0.9371762236423195,0.507396850538464,0.5779330247719272,6.53713383781708,-0.9371762236423195,0.507396850538464,-0.5779330247719272
0.06578947368421052,Aquatic ground,Aquatic predator,FALSE,6.707505475188983,-0.9524530564476188,0.6473669088629525,-0.5982391800677724,6.707246668423352,0.9477735828291313,0.6610948176378865,0.5897668298563277,6.707246668423352,-0.9477735828291313,0.6610948176378865,-0.5897668298563277
0.07142857142857142,Invertivore sally surface,Invertivore,FALSE,2.08765820069859,0.337974481310908,-0.685361341665393,0.0992738044567872,2.087399393932959,0.3426539549293956,0.671633432890459,0.10774615466823198,2.087399393932959,0.3426539549293956,-0.671633432890459,0.10774615466823198
0.07142857142857142,Invertivore bark,Invertivore,FALSE,0.34174039492559855,-1.401521172477735,0.4738774554615047,-0.9597232593549703,0.34148158815996776,1.3968416988592474,0.48760536423643874,0.9512509091435255,0.34148158815996776,-1.3968416988592474,0.48760536423643874,-0.9512509091435255
0.07407407407407407,Generalist,Invertivore,FALSE,2.465245515567605,0.307427488795866,-0.6211684166665785,-0.21423131868827547,2.464986708801974,0.3121069624143536,0.6074405078916445,0.20575896847683067,2.464986708801974,0.3121069624143536,-0.6074405078916445,-0.20575896847683067
0.07563025210084033,Vertivore air to surface,Vertivore,TRUE,2.7996372382916914,0.46004011511941345,-0.2676126700707999,0.004986824968319311,2.7993784315260606,0.46471958873790103,0.2538847612958659,0.013459175179764093,2.7993784315260606,0.46471958873790103,-0.2538847612958659,0.013459175179764093
0.07692307692307693,Aquatic surface,Aquatic predator,FALSE,4.10554437828713,0.37684390812556645,0.56772756588591,0.07262780461754004,4.105285571521499,0.38152338174405404,0.581455474660844,0.08110015482898482,4.105285571521499,0.38152338174405404,0.581455474660844,0.08110015482898482
0.08333333333333333,Herbivore aquatic ground,Herbivore aquatic,FALSE,5.21260884218174,1.1769937721397867,0.14579187720862113,-0.1968539834490015,5.212350035416109,1.1816732457582744,0.15951978598355515,0.18838163323755674,5.212350035416109,1.1816732457582744,0.15951978598355515,-0.18838163323755674
0.08860759493670886,"NA",Omnivore,FALSE,6.02278519729789,0.47393895964264343,0.7472194005669159,-0.5461133453330027,6.022526390532259,0.478618433261131,0.76094730934185,0.5376409951215579,6.022526390532259,0.478618433261131,0.76094730934185,-0.5376409951215579
0.09523809523809523,Invertivore sally air,Invertivore,FALSE,-0.490853095091639,-0.458494414165341,-1.27451776938241,-0.782554953603513,0.4911119018572698,0.4538149405468534,1.2607898606074759,0.7740826033920682,-0.4911119018572698,-0.4538149405468534,-1.2607898606074759,-0.7740826033920682
0.1076923076923077,Vertivore air to surface,Vertivore,TRUE,2.33610069383667,0.531408009648228,-0.310136654599563,0.040766618438056,2.335841887071039,0.5360874832667155,0.296408745824629,0.04923896864950078,2.335841887071039,0.5360874832667155,-0.296408745824629,0.04923896864950078
0.1111111111111111,Invertivore sally ground,Invertivore,FALSE,2.7217028174412103,0.36266198227965135,-0.2951877141025478,-0.10397575688735437,2.7214440106755795,0.36734145589813894,0.2814598053276138,0.09550340667590959,2.7214440106755795,0.36734145589813894,-0.2814598053276138,-0.09550340667590959
0.12,Fugivore glean,Frugivore,FALSE,5.511585396758797,-1.8022545354372344,-0.5490865593436811,0.0032177560599475005,5.511326589993166,1.7975750618187467,0.5353586505687471,0.011690106271392282,5.511326589993166,-1.7975750618187467,-0.5353586505687471,0.011690106271392282
0.125,Invertivore sally ground,Invertivore,FALSE,-1.5071082138853649,-1.6038836281663875,0.4887539120843965,0.6191393388357018,1.5073670206509957,1.5992041545478999,0.5024818208593305,0.6276116890471466,-1.5073670206509957,-1.5992041545478999,0.5024818208593305,0.6276116890471466
0.125,Granivore ground,Granivore,FALSE,2.18780183700564,0.810606766898836,0.479508277140808,0.490894821805596,2.187543030240009,0.8152862405173236,0.49323618591574203,0.4993671720170408,2.187543030240009,0.8152862405173236,0.49323618591574203,0.4993671720170408
0.125,Invertivore ground,Invertivore,FALSE,2.57704801415512,-1.53134718918797,-0.463167209513943,-0.369875145423246,2.5767892073894894,1.5266677155694823,0.449439300739009,0.36140279521180124,2.5767892073894894,-1.5266677155694823,-0.449439300739009,-0.36140279521180124
0.12903225806451613,"NA",Omnivore,FALSE,7.3348925532688,-1.4589574492367219,0.13651956211755778,-0.35524103407451024,7.334633746503169,1.4542779756182342,0.1502474708924918,0.3467686838630655,7.334633746503169,-1.4542779756182342,0.1502474708924918,-0.3467686838630655
0.13513513513513514,Invertivore ground,Invertivore,FALSE,3.4355921059540817,0.6110113709967342,0.12574224659974545,-0.34661086748600706,3.435333299188451,0.6156908446152217,0.13947015537467947,0.3381385172745623,3.435333299188451,0.6156908446152217,0.13947015537467947,-0.3381385172745623
0.1368421052631579,Aquatic ground,Aquatic predator,FALSE,4.086705790064035,-1.16930164444751,1.414695039347585,-0.9028974918806275,4.086446983298404,1.1646221708290223,1.428422948122519,0.8944251416691827,4.086446983298404,-1.1646221708290223,1.428422948122519,-0.8944251416691827
0.13793103448275862,Aquatic ground,Aquatic predator,FALSE,3.8664065198634097,-0.055042209175786144,0.29077216521732197,0.3406127700290965,3.866147713097779,0.05036273555729858,0.304500073992256,0.3490851202405413,3.866147713097779,-0.05036273555729858,0.304500073992256,0.3490851202405413
0.14285714285714285,"NA",Omnivore,FALSE,3.5733603960114353,1.543234169633485,0.6693933499850335,-0.3393222907164385,3.5731015892458045,1.5479136432519727,0.6831212587599675,0.3308499405049937,3.5731015892458045,1.5479136432519727,0.6831212587599675,-0.3308499405049937
0.14285714285714285,Generalist,Herbivore aquatic,FALSE,4.71282567498441,0.172322326818541,0.477374735590304,0.62906293125739,4.712566868218779,0.17700180043702857,0.49110264436523804,0.6375352814688348,4.712566868218779,0.17700180043702857,0.49110264436523804,0.6375352814688348
0.14583333333333334,"NA",Omnivore,FALSE,2.365429034541607,0.5253511246494732,0.5236188740998502,0.4145036531249331,2.3651702277759763,0.5300305982679607,0.5373467828747842,0.42297600333637786,2.3651702277759763,0.5300305982679607,0.5373467828747842,0.42297600333637786
0.14634146341463414,Aquatic dive,Aquatic predator,FALSE,4.249850356355076,0.15714287685674,1.623683565701515,0.4423976508431855,4.249591549589445,0.16182235047522756,1.637411474476449,0.45087000105463027,4.249591549589445,0.16182235047522756,1.637411474476449,0.45087000105463027
0.15254237288135594,Herbivore aquatic surface,Herbivore aquatic,FALSE,1.9240699221698734,0.04764443271975641,0.30951496580584537,0.7562454282999197,1.9238111154042425,0.05232390633824397,0.3232428745807794,0.7647177785113645,1.9238111154042425,0.05232390633824397,0.3232428745807794,0.7647177785113645
0.15384615384615385,Aquatic surface,Aquatic predator,FALSE,1.8824079185550486,0.2075408110035797,0.6681988744588694,0.02571964613835767,1.8821491117894178,0.21222028462206727,0.6819267832338034,0.03419199634980245,1.8821491117894178,0.21222028462206727,0.6819267832338034,0.03419199634980245
0.16,Vertivore arboreal,Vertivore,FALSE,3.307642283864745,0.6351499981395405,-0.624241133965,-0.454163550789638,3.307383477099114,0.6398294717580281,0.610513225190066,0.4456912005781932,3.307383477099114,0.6398294717580281,-0.610513225190066,-0.4456912005781932
0.16129032258064516,Aquatic perch,Aquatic predator,FALSE,4.49074243517615,0.26144339193682425,-0.2326286528493945,-0.14789912775498537,4.490483628410519,0.26612286555531184,0.21890074407446047,0.1394267775435406,4.490483628410519,0.26612286555531184,-0.21890074407446047,-0.1394267775435406
0.1640625,Generalist,Invertivore,TRUE,0.7258871293896888,0.4121698039722535,-0.2660400068488333,0.03031176838533018,0.7256283226240581,0.4168492775907411,0.25231209807389926,0.03878411859677496,0.7256283226240581,0.4168492775907411,-0.25231209807389926,0.03878411859677496
0.16666666666666666,Herbivore ground,Herbivore terrestrial,FALSE,2.4068461868209488,0.6319661804459588,0.3927687466568965,0.45723165625801526,2.406587380055318,0.6366456540644463,0.4064966554318305,0.46570400646946003,2.406587380055318,0.6366456540644463,0.4064966554318305,0.46570400646946003
0.17692307692307693,Vertivore aerial,Vertivore,FALSE,1.528968980503654,0.4545103044322207,-0.3771854894224744,0.2781320701476767,1.528710173738023,0.45918977805070826,0.36345758064754036,0.2866044203591215,1.528710173738023,0.45918977805070826,-0.36345758064754036,0.2866044203591215
0.19148936170212766,Aquatic surface,Aquatic predator,FALSE,7.801944674334459,-1.905202991375605,0.890546895124319,-0.13277638922547805,7.801685867568828,1.9005235177571174,0.904274803899253,0.12430403901403327,7.801685867568828,-1.9005235177571174,0.904274803899253,-0.12430403901403327
0.2,"NA",Omnivore,TRUE,0.8969898759080568,0.19877018338410316,-0.22549513619831493,0.584454873922199,0.8967310691424261,0.2034496570025907,0.21176722742338092,0.5929272241336437,0.8967310691424261,0.2034496570025907,-0.21176722742338092,0.5929272241336437
0.20930232558139536,Invertivore sally air,Invertivore,TRUE,0.16084453478250516,0.5744966691763352,-0.28991985612439675,-0.4261673323677912,0.1605857280168744,0.5791761427948228,0.27619194734946273,0.41769498215634643,0.1605857280168744,0.5791761427948228,-0.27619194734946273,-0.41769498215634643
0.21052631578947367,Herbivore aquatic ground,Herbivore aquatic,FALSE,5.15497929194555,-0.806685138076082,0.535183426566976,0.502406672261632,5.1547204851799195,0.8020056644575945,0.5489113353419101,0.5108790224730768,5.1547204851799195,-0.8020056644575945,0.5489113353419101,0.5108790224730768
0.2222222222222222,"NA",Omnivore,FALSE,3.72922427911929,-1.26024052651477,1.49398876641565,-0.979074849923087,3.7289654723536594,1.2555610528962824,1.507716675190584,0.9706024997116423,3.7289654723536594,-1.2555610528962824,1.507716675190584,-0.9706024997116423
0.224,Invertivore aerial,Invertivore,TRUE,-0.17942373685588636,0.9199662334367369,-0.1973000021251016,-0.4871950068881321,0.17968254362151712,0.9246457070552244,0.18357209335016758,0.47872265667668734,-0.17968254362151712,0.9246457070552244,-0.18357209335016758,-0.47872265667668734
0.22727272727272727,Generalist,Nectarivore,FALSE,-2.240168694087463,-0.7454981625641577,0.263526699717055,-0.35225326131173934,2.240427500853094,0.7408186889456702,0.277254608491989,0.3437809111002946,-2.240427500853094,-0.7408186889456702,0.277254608491989,-0.3437809111002946
0.22857142857142856,Aquatic ground,Aquatic predator,FALSE,3.5744387996623903,0.20119171906067998,0.3514224042499175,-0.2248213668817165,3.5741799928967595,0.20587119267916754,0.3651503130248515,0.21634901667027173,3.5741799928967595,0.20587119267916754,0.3651503130248515,-0.21634901667027173
0.23076923076923078,Generalist,Frugivore,FALSE,0.7823086865700623,0.18840720035069433,-0.13406315773143163,0.17297287305370757,0.7820498798044315,0.1930866739691819,0.12033524895649761,0.18144522326515233,0.7820498798044315,0.1930866739691819,-0.12033524895649761,0.18144522326515233
0.23958333333333334,Invertivore bark,Invertivore,FALSE,3.732797448787892,0.5003781412741238,-0.519398920648388,-0.3289849799080712,3.732538642022261,0.5050576148926114,0.505671011873454,0.3205126296966264,3.732538642022261,0.5050576148926114,-0.505671011873454,-0.3205126296966264
0.25,Aquatic perch,Aquatic predator,FALSE,2.374211754476427,-1.82055411266304,0.007798591833548932,0.23246102155506065,2.373952947710796,1.8158746390445524,0.02152650060848294,0.24093337176650542,2.373952947710796,-1.8158746390445524,0.02152650060848294,0.24093337176650542
0.25,Aquatic dive,Aquatic predator,FALSE,3.74744341260119,0.178438176691607,1.56410587135142,0.378848354142735,3.7471846058355593,0.18311765031009455,1.577833780126354,0.38732070435417976,3.7471846058355593,0.18311765031009455,1.577833780126354,0.38732070435417976
0.25,"NA",Omnivore,FALSE,6.30238336736727,-1.68410074300665,0.558656129606166,-0.175709084307422,6.302124560601639,1.6794212693881623,0.5723840383811,0.16723673409597722,6.302124560601639,-1.6794212693881623,0.5723840383811,-0.16723673409597722
0.25,Invertivore aerial,Invertivore,FALSE,-3.30093739271777,1.01146388348047,-0.223788467401953,0.156168298016102,3.301196199483401,1.0161433570989575,0.21006055862701897,0.16464064822754676,-3.301196199483401,1.0161433570989575,-0.21006055862701897,0.16464064822754676
0.2553191489361702,Vertivore perch,Vertivore,TRUE,3.744056557521861,0.404462343895908,-0.28212052603776616,0.03855729235813699,3.7437977507562303,0.4091418175143956,0.26839261726283214,0.047029642569581774,3.7437977507562303,0.4091418175143956,-0.26839261726283214,0.047029642569581774
0.25925925925925924,Granivore arboreal,Granivore,FALSE,2.9896522959533476,-0.7411445470034344,-0.705869552004706,0.7006457110522406,2.9893934891877167,0.7364650733849468,0.692141643229772,0.7091180612636854,2.9893934891877167,-0.7364650733849468,-0.692141643229772,0.7091180612636854
0.275,Generalist,Herbivore aquatic,FALSE,3.52327089460295,-0.2019681644940475,0.4864754002384545,0.6523952493627581,3.5230120878373192,0.19728869087555995,0.5002033090133885,0.6608675995742028,3.5230120878373192,-0.19728869087555995,0.5002033090133885,0.6608675995742028
0.2786885245901639,Aquatic ground,Aquatic predator,FALSE,5.9277145006899,-0.530951250349213,0.5992131471043337,0.23206864059575233,5.927455693924269,0.5262717767307254,0.6129410558792677,0.2405409908071971,5.927455693924269,-0.5262717767307254,0.6129410558792677,0.2405409908071971
0.2839506172839506,Generalist,Vertivore,FALSE,1.6784652641792,0.6966254422856615,-0.522623641212231,-0.051267468369755986,1.678206457413569,0.701304915904149,0.508895732437297,0.042795118158311204,1.678206457413569,0.701304915904149,-0.508895732437297,-0.042795118158311204
0.2978723404255319,Aquatic perch,Aquatic predator,FALSE,2.82896626857285,-1.54868315654523,0.06620824273841887,0.019090634522297097,2.828707461807219,1.5440036829267423,0.07993615151335287,0.02756298473374188,2.828707461807219,-1.5440036829267423,0.07993615151335287,0.02756298473374188
0.3082706766917293,Aquatic aerial,Aquatic predator,FALSE,1.5396857136447721,-0.5110482938566788,0.24661423584749143,-0.5100018848414488,1.5394269068791413,0.5063688202381913,0.26034214462242544,0.501529534630004,1.5394269068791413,-0.5063688202381913,0.26034214462242544,-0.501529534630004
0.32432432432432434,Aquatic dive,Aquatic predator,FALSE,2.93768579694049,-0.0667190174741467,1.51930091432708,0.400042179586852,2.9374269901748593,0.062039543855659136,1.533028823102014,0.4085145297982968,2.9374269901748593,-0.062039543855659136,1.533028823102014,0.4085145297982968
0.32786885245901637,Aquatic ground,Aquatic predator,FALSE,6.505466263709427,-1.5926581324087035,0.513768797711339,-0.17025146518123435,6.505207456943796,1.5879786587902158,0.527496706486273,0.16177911496978958,6.505207456943796,-1.5879786587902158,0.527496706486273,-0.16177911496978958
0.33093525179856115,Aquatic aerial,Aquatic predator,FALSE,4.215380754127856,0.4403713292659357,-0.11160519771612146,-0.2838956298870305,4.215121947362225,0.4450508028844233,0.09787728894118744,0.2754232796755857,4.215121947362225,0.4450508028844233,-0.09787728894118744,-0.2754232796755857
0.3333333333333333,Herbivore aquatic ground,Herbivore aquatic,FALSE,1.58296909645872,0.33923138699250255,0.390551505930369,0.1696666771572685,1.5827102896930891,0.34391086061099013,0.40427941470530304,0.1781390273687133,1.5827102896930891,0.34391086061099013,0.40427941470530304,0.1781390273687133
0.3333333333333333,Fugivore glean,Frugivore,FALSE,4.33474798658669,-1.07145218427763,-0.577765321590389,-0.107624730268912,4.334489179821059,1.0667727106591423,0.5640374128154549,0.09915238005746722,4.334489179821059,-1.0667727106591423,-0.5640374128154549,-0.09915238005746722
0.3333333333333333,Fugivore aerial,Frugivore,FALSE,-0.6948238463146612,0.1321995099520136,-0.19666486047491985,0.23322342323466083,0.6950826530802919,0.13687898357050116,0.18293695169998583,0.2416957734461056,-0.6950826530802919,0.13687898357050116,-0.18293695169998583,0.2416957734461056
0.3333333333333333,"NA",Omnivore,FALSE,5.134608856150474,-1.1690365310564934,-1.3214999128244833,-0.050663621227574694,5.134350049384843,1.1643570574380058,1.3077720040495493,0.04219127101612991,5.134350049384843,-1.1643570574380058,-1.3077720040495493,-0.04219127101612991
0.3333333333333333,Aquatic dive,Aquatic predator,FALSE,2.89901626647376,0.288396004100704,1.74248960388391,0.675842420168574,2.898757459708129,0.29307547771919157,1.756217512658844,0.6843147703800188,2.898757459708129,0.29307547771919157,1.756217512658844,0.6843147703800188
0.3492063492063492,Aquatic plunge,Aquatic predator,FALSE,1.4207225714297065,-0.44672571195682975,0.189493491239621,-0.667523189437767,1.4204637646640756,0.44204623833834217,0.20322140001455502,0.6590508392263222,1.4204637646640756,-0.44204623833834217,0.20322140001455502,-0.6590508392263222
0.35135135135135137,Vertivore ground,Vertivore,TRUE,1.62042962674123,0.174303147390304,-0.168404704151952,0.315525284077782,1.620170819975599,0.17898262100879156,0.15467679537701798,0.3239976342892268,1.620170819975599,0.17898262100879156,-0.15467679537701798,0.3239976342892268
0.3548387096774194,Generalist,Herbivore aquatic,FALSE,3.02037196492424,-0.291641826129873,0.6488014024902795,0.8695587877021229,3.020113158158609,0.2869623525113854,0.6625293112652135,0.8780311379135677,3.020113158158609,-0.2869623525113854,0.6625293112652135,0.8780311379135677
0.35507246376811596,Vertivore aerial,Vertivore,FALSE,3.230269718873312,0.49426333734089734,-0.32171487642958513,0.05583559366723917,3.230010912107681,0.4989428109593849,0.3079869676546511,0.06430794387868395,3.230010912107681,0.4989428109593849,-0.3079869676546511,0.06430794387868395
0.35714285714285715,Aquatic plunge,Aquatic predator,FALSE,6.686127022556835,-2.1876441750597397,0.736552867104581,-0.15545282284775863,6.685868215791205,2.1829647014412523,0.750280775879515,0.14698047263631386,6.685868215791205,-2.1829647014412523,0.750280775879515,-0.14698047263631386
0.36363636363636365,Herbivore aquatic surface,Herbivore aquatic,FALSE,2.0414842259019568,0.73678606790344,0.9182784458975587,0.4075089025404137,2.041225419136326,0.7414655415219276,0.9320063546724927,0.4159812527518585,2.041225419136326,0.7414655415219276,0.9320063546724927,0.4159812527518585
0.3671875,Generalist,Vertivore,FALSE,4.184063206789729,0.5614860830078952,-0.3927949415784849,-0.12501520960672927,4.183804400024099,0.5661655566263827,0.37906703280355086,0.11654285939528448,4.183804400024099,0.5661655566263827,-0.37906703280355086,-0.11654285939528448
0.3673469387755102,"NA",Omnivore,FALSE,4.907145618674412,-0.9077826228361497,0.6335884813643633,-0.6569298979188976,4.906886811908781,0.9031031492176622,0.6473163901392973,0.6484575477074528,4.906886811908781,-0.9031031492176622,0.6473163901392973,-0.6484575477074528
0.37037037037037035,Fugivore glean,Frugivore,FALSE,2.739072967627886,-0.7543356887431314,-0.6238163092139741,0.6737207389029314,2.738814160862255,0.7496562151246439,0.6100884004390401,0.68219308911437615,2.738814160862255,-0.7496562151246439,-0.6100884004390401,0.68219308911437615
0.37410071942446044,Aquatic ground,Aquatic predator,FALSE,1.47665161777084,-1.1433799341632955,1.1613776093677373,-0.3919161618087318,1.4763928110052091,1.138700460544808,1.1751055181426713,0.383443811597287,1.4763928110052091,-1.138700460544808,1.1751055181426713,-0.383443811597287
0.3770491803278688,Aquatic surface,Aquatic predator,FALSE,7.159541609475338,-2.0216093965492377,0.8267815702127106,-0.19364416368245,7.159282802709707,2.0169299229307502,0.8405094789876446,0.1851718134710052,7.159282802709707,-2.0169299229307502,0.8405094789876446,-0.1851718134710052
0.3870967741935484,Aquatic perch,Aquatic predator,FALSE,-1.160347187177803,-1.5237006319714785,0.5789578432891206,0.404822973617032,1.1606059939434339,1.519021158352991,0.5926857520640546,0.4132953238284768,-1.1606059939434339,-1.519021158352991,0.5926857520640546,0.4132953238284768
0.3877551020408163,Herbivore ground,Herbivore terrestrial,FALSE,4.168536569105366,0.6203165202357852,0.2811958263237706,0.34944482601781623,4.168277762339735,0.6249959938542727,0.2949237350987046,0.357917176229261,4.168277762339735,0.6249959938542727,0.2949237350987046,0.357917176229261
0.4,Invertivore sally surface,Invertivore,FALSE,-1.2305211431756458,-0.1589350301371053,-0.2018210844322654,0.14002982737241043,1.2307799499412766,0.15425555651861775,0.18809317565733139,0.1485021775838552,-1.2307799499412766,-0.15425555651861775,-0.18809317565733139,0.1485021775838552
0.4,Herbivore aquatic dive,Herbivore aquatic,FALSE,3.09720419024223,0.86420862453225,0.998991089499865,0.694240651632372,3.096945383476599,0.8688880981507375,1.012718998274799,0.7027130018438168,3.096945383476599,0.8688880981507375,1.012718998274799,0.7027130018438168
0.4,"NA",Omnivore,FALSE,2.90417436769239,-0.169302463487274,0.515863533653015,0.924125034908411,2.9039155609267593,0.16462298986878646,0.529591442427949,0.9325973851198558,2.9039155609267593,-0.16462298986878646,0.529591442427949,0.9325973851198558
0.40540540540540543,Aquatic dive,Aquatic predator,FALSE,3.154937702427932,-0.2936247726452758,0.5696518449182154,0.9129628080839851,3.1546788956623013,0.2889452990267882,0.5833797536931494,0.9214351582954299,3.1546788956623013,-0.2889452990267882,0.5833797536931494,0.9214351582954299
0.4166666666666667,Herbivore ground,Herbivore terrestrial,FALSE,3.481373174054955,-0.1468973736020484,0.493762274829683,0.6260017714533825,3.481114367289324,0.14221789998356085,0.507490183604617,0.6344741216648273,3.481114367289324,-0.14221789998356085,0.507490183604617,0.6344741216648273
0.41843971631205673,Vertivore air to surface,Vertivore,FALSE,4.042653887854321,0.5542793012177918,-0.40149968753623977,-0.2202575652953525,4.04239508108869,0.5589587748362793,0.38777177876130575,0.21178521508390774,4.04239508108869,0.5589587748362793,-0.38777177876130575,-0.21178521508390774
0.42,Invertivore sally ground,Invertivore,TRUE,0.9020681539139394,0.2989300687214192,-0.2322127461548592,0.4060360231351113,0.9018093471483086,0.3036095423399068,0.2184848373799252,0.41450837334655605,0.9018093471483086,0.3036095423399068,-0.2184848373799252,0.41450837334655605
0.42105263157894735,"NA",Omnivore,FALSE,2.8385755796833148,-0.774918859075719,-0.6132713239174644,0.6999676527353043,2.838316772917684,0.7702393854572315,0.5995434151425304,0.708440002946749,2.838316772917684,-0.7702393854572315,-0.5995434151425304,0.708440002946749
0.4222222222222222,Fugivore glean,Frugivore,FALSE,3.382895982697158,0.895700042009675,-0.2535368271957363,-0.37259584868256146,3.382637175931527,0.9003795156281625,0.23980891842080226,0.3641234984711167,3.382637175931527,0.9003795156281625,-0.23980891842080226,-0.3641234984711167
0.42857142857142855,"NA",Omnivore,FALSE,3.375554648886073,-1.56109893161628,-0.64403803326875,-0.09540490449477701,3.375295842120442,1.5564194579977924,0.630310124493816,0.08693255428333223,3.375295842120442,-1.5564194579977924,-0.630310124493816,-0.08693255428333223
0.4444444444444444,Invertivore glean arboreal,Invertivore,FALSE,3.5403144930969965,-1.70625728684129,-0.7869212974494236,-0.3861736909915357,3.5400556863313657,1.7015778132228023,0.7731933886744896,0.37770134078009093,3.5400556863313657,-1.7015778132228023,-0.7731933886744896,-0.37770134078009093
0.4444444444444444,Generalist,Aquatic predator,FALSE,3.47821339884674,0.446822988102821,0.2552392877927788,-0.3602814249850968,3.477954592081109,0.4515024617213086,0.26896719656771284,0.35180907477365203,3.477954592081109,0.4515024617213086,0.26896719656771284,-0.35180907477365203
0.4462809917355372,Herbivore aquatic dive,Herbivore aquatic,FALSE,3.0016242220786107,-0.24844006678542035,0.6527667657933157,0.9188515222323708,3.00136541531298,0.2437605931669328,0.6664946745682497,0.9273238724438155,3.00136541531298,-0.2437605931669328,0.6664946745682497,0.9273238724438155
0.44696969696969696,"NA",Omnivore,FALSE,3.15807086805461,-0.173745260848469,0.48482934004328504,0.542822841984962,3.157812061288979,0.16906578722998145,0.49855724881821906,0.5512951921964068,3.157812061288979,-0.16906578722998145,0.49855724881821906,0.5512951921964068
0.45045045045045046,Scavenger ground,Scavenger,FALSE,5.984757232222043,0.2921854634343458,-0.061620644604297385,-0.14525089125614005,5.984498425456412,0.2968649370528334,0.047892735829363375,0.13677854104469528,5.984498425456412,0.2968649370528334,-0.047892735829363375,-0.13677854104469528
0.46153846153846156,Herbivore aquatic ground,Herbivore aquatic,FALSE,3.53169403948638,0.120645241743707,0.541476051967281,0.387605502829941,3.531435232720749,0.12532471536219456,0.555203960742215,0.39607785304138576,3.531435232720749,0.12532471536219456,0.555203960742215,0.39607785304138576
0.46296296296296297,"NA",Omnivore,FALSE,4.697986805668993,-0.5258837473750166,-0.3996204030094903,-0.054820670944604716,4.697727998903362,0.5212042737565291,0.3858924942345563,0.046348320733159934,4.697727998903362,-0.5212042737565291,-0.3858924942345563,-0.046348320733159934
0.464,Generalist,Aquatic predator,FALSE,0.8890405431392371,0.4038608945694604,0.41528907940695736,-0.2794885338845055,0.8887817363736064,0.408540368187948,0.4290169881818914,0.27101618367306074,0.8887817363736064,0.408540368187948,0.4290169881818914,-0.27101618367306074
0.49122807017543857,Aquatic dive,Aquatic predator,FALSE,2.4200806798274526,0.2421987163024149,0.565459571482236,0.5181183864831925,2.4198218730618217,0.24687818992090246,0.57918748025717,0.5265907366946373,2.4198218730618217,0.24687818992090246,0.57918748025717,0.5265907366946373
0.5,Aquatic ground,Aquatic predator,FALSE,2.56996834233017,0.0891423418306126,0.902646168361699,-0.0281284996769162,2.569709535564539,0.09382181544910016,0.916374077136633,0.01965614946547142,2.569709535564539,0.09382181544910016,0.916374077136633,-0.01965614946547142
0.5,Invertivore ground,Invertivore,FALSE,1.2269896838397274,-1.129995395441665,0.4130022176310415,-0.911851660377879,1.2267308770740966,1.1253159218231774,0.4267301264059755,0.9033793101664342,1.2267308770740966,-1.1253159218231774,0.4267301264059755,-0.9033793101664342
0.5,Nectarivore glean,Nectarivore,FALSE,-2.478920180818697,-0.920912396531159,0.4359869734399397,-0.6692122620775869,2.4791789875843278,0.9162329229126714,0.4497148822148737,0.6607399118661421,-2.4791789875843278,-0.9162329229126714,0.4497148822148737,-0.6607399118661421
0.5,Invertivore ground,Invertivore,FALSE,3.84706979682775,1.29770269500222,-0.26781815115398,-1.24400161613068,3.846810990062119,1.3023821686207075,0.254090242379046,1.2355292659192352,3.846810990062119,1.3023821686207075,-0.254090242379046,-1.2355292659192352
0.5,Nectarivore aerial,Nectarivore,FALSE,-1.41047950931247,-1.69451457397429,-0.362169769676632,-0.136363727406748,1.4107383160781009,1.6898351003558023,0.348441860901698,0.1278913771953032,-1.4107383160781009,-1.6898351003558023,-0.348441860901698,-0.1278913771953032
0.5,Herbivore aquatic dive,Herbivore aquatic,FALSE,2.967774139411995,-0.3279794746699505,0.6027333531571115,0.7225791212797354,2.9675153326463644,0.3233000010514629,0.6164612619320455,0.7310514714911802,2.9675153326463644,-0.3233000010514629,0.6164612619320455,0.7310514714911802
0.512,Aquatic surface,Aquatic predator,FALSE,3.061835600039186,-0.48041962870014826,0.4194057032529781,0.5552651240721204,3.0615767932735554,0.4757401550816607,0.4331336120279121,0.5637374742835651,3.0615767932735554,-0.4757401550816607,0.4331336120279121,0.5637374742835651
0.5151515151515151,Nectarivore glean,Nectarivore,FALSE,-1.6601811482745799,-0.42982753229137977,0.1432477402064671,-0.27355845338249296,1.6604399550402107,0.4251480586728922,0.15697564898140112,0.2650861031710482,-1.6604399550402107,-0.4251480586728922,0.15697564898140112,-0.2650861031710482
0.5163934426229508,Vertivore perch,Vertivore,FALSE,1.277916741255803,0.3670684365787372,-0.3482966508354818,0.016165504826183074,1.2776579344901722,0.3717479101972248,0.33456874206054776,0.024637855037627856,1.2776579344901722,0.3717479101972248,-0.33456874206054776,0.024637855037627856
0.5178571428571429,Aquatic perch,Aquatic predator,FALSE,1.19010756617325,-1.62790440306789,0.219304775432622,-0.160530972795156,1.1898487594076192,1.6232249294494023,0.23303268420755602,0.15205862258371122,1.1898487594076192,-1.6232249294494023,0.23303268420755602,-0.15205862258371122
0.5238095238095238,Herbivore aquatic surface,Herbivore aquatic,FALSE,6.275006968143594,0.2532134766310885,0.5760505428459832,0.3335124436494787,6.274748161377963,0.2578929502495761,0.5897784516209172,0.34198479386092345,6.274748161377963,0.2578929502495761,0.5897784516209172,0.34198479386092345
0.5285714285714286,Aquatic dive,Aquatic predator,FALSE,3.436179659789432,0.23325812325057702,0.320388256386356,0.15115861884981857,3.4359208530238012,0.23793759686906457,0.33411616516129,0.15963096906126334,3.4359208530238012,0.23793759686906457,0.33411616516129,0.15963096906126334
0.5357142857142857,Invertivore sally air,Invertivore,FALSE,-0.490853095091639,-0.458494414165341,-1.27451776938241,-0.782554953603513,0.4911119018572698,0.4538149405468534,1.2607898606074759,0.7740826033920682,-0.4911119018572698,-0.4538149405468534,-1.2607898606074759,-0.7740826033920682
0.5384615384615384,Invertivore ground,Invertivore,FALSE,5.013289433219527,-0.9873008859396613,0.5592680090296164,-0.5241251717347534,5.013030626453896,0.9826214123211737,0.5729959178045504,0.5156528215233086,5.013030626453896,-0.9826214123211737,0.5729959178045504,-0.5156528215233086
0.5384615384615384,Aquatic dive,Aquatic predator,FALSE,2.136669329045088,0.37355855434132,0.8081035410572281,0.3551624803436447,2.136410522279457,0.3782380279598076,0.8218314498321622,0.3636348305550895,2.136410522279457,0.3782380279598076,0.8218314498321622,0.3636348305550895
0.5384615384615384,Aquatic dive,Aquatic predator,FALSE,3.6266035320082035,-0.34591718960912,1.9047624028819767,0.45237598096765036,3.6263447252425727,0.3412377159906324,1.9184903116569108,0.4608483311790951,3.6263447252425727,-0.3412377159906324,1.9184903116569108,0.4608483311790951
0.5384615384615384,Fugivore glean,Frugivore,FALSE,3.9703749748080224,-1.9079692820721639,-0.3630157460218176,0.08939373529228943,3.9701161680423915,1.9032898084536762,0.34928783724688356,0.09786608550373421,3.9701161680423915,-1.9032898084536762,-0.34928783724688356,0.09786608550373421
0.5396825396825397,Aquatic dive,Aquatic predator,FALSE,3.6022416341642844,0.06947348694751582,0.4913647782684026,0.8274830258006357,3.6019828273986536,0.07415296056600337,0.5050926870433365,0.8359553760120805,3.6019828273986536,0.07415296056600337,0.5050926870433365,0.8359553760120805
0.5675675675675675,Herbivore aquatic ground,Herbivore aquatic,FALSE,3.53169403948638,0.120645241743707,0.541476051967281,0.387605502829941,3.531435232720749,0.12532471536219456,0.555203960742215,0.39607785304138576,3.531435232720749,0.12532471536219456,0.555203960742215,0.39607785304138576
0.5729166666666666,Vertivore air to surface,Vertivore,FALSE,2.038762911808824,0.4261070962842022,-0.48071998084396456,-0.00840971719973474,2.0385041050431933,0.43078656990268976,0.46699207206903054,6.26330117100421e-5,2.0385041050431933,0.43078656990268976,-0.46699207206903054,6.26330117100421e-5
0.5815602836879432,Vertivore perch,Vertivore,FALSE,3.7710695850658174,0.4888286220928595,-0.3728820772241517,-0.09506190343346324,3.7708107783001865,0.4935080957113471,0.35915416844921766,0.08658955322201846,3.7708107783001865,0.4935080957113471,-0.35915416844921766,-0.08658955322201846
0.5862068965517241,Aquatic dive,Aquatic predator,FALSE,5.4314197272102955,-0.13250371882570766,1.612823786762325,0.456158385412617,5.431160920444665,0.1278242452072201,1.626551695537259,0.46463073562406176,5.431160920444665,-0.1278242452072201,1.626551695537259,0.46463073562406176
0.5901639344262295,Aquatic dive,Aquatic predator,FALSE,0.7790639175176323,0.4844363718383768,1.234080451655066,0.7459770188759796,0.7788051107520015,0.4891158454568644,1.24780836043,0.7544493690874243,0.7788051107520015,0.4891158454568644,1.24780836043,0.7544493690874243
0.6,Herbivore arboreal,Herbivore terrestrial,FALSE,0.037210637505149385,-0.0027721269424018924,-0.5348364765551726,0.337833981717587,0.03695183073951863,0.0019073466760856682,0.5211085677802386,0.34630633192903176,0.03695183073951863,0.0019073466760856682,-0.5211085677802386,0.34630633192903176
0.6,Invertivore aerial,Invertivore,FALSE,-3.5112587056389266,1.2796478964012765,-0.212745106216329,0.07387397540890554,3.5115175124045575,1.2843273700197642,0.19901719744139498,0.08234632562035032,-3.5115175124045575,1.2843273700197642,-0.19901719744139498,0.08234632562035032
0.616,Generalist,Herbivore aquatic,FALSE,2.825486570265995,0.7619160668864222,1.0275760478912628,0.445581091920948,2.825227763500364,0.7665955405049097,1.0413039566661968,0.4540534421323928,2.825227763500364,0.7665955405049097,1.0413039566661968,0.4540534421323928
0.6204379562043796,Generalist,Granivore,FALSE,-1.5506539869660478,-0.09958425547285833,-0.4511697450580504,0.4974418652389781,1.5509127937316787,0.09490478185437078,0.4374418362831164,0.5059142154504229,-1.5509127937316787,-0.09490478185437078,-0.4374418362831164,0.5059142154504229
0.65,"NA",Omnivore,FALSE,3.4136559509168287,-0.41753010129586116,0.7443866804199959,-0.4028628049572319,3.413397144151198,0.41285062767737357,0.7581145891949299,0.39439045474578716,3.413397144151198,-0.41285062767737357,0.7581145891949299,-0.39439045474578716
0.6666666666666666,Invertivore ground,Invertivore,FALSE,1.93402958140276,-1.12207156421066,1.02135579049753,-0.20418284562303,1.933770774637129,1.1173920905921724,1.035083699272464,0.1957104954115852,1.933770774637129,-1.1173920905921724,1.035083699272464,-0.1957104954115852
0.6666666666666666,Granivore arboreal,Granivore,FALSE,4.854203835328899,-1.0073135338478034,-1.250436716981805,0.1454536312543705,4.853945028563269,1.0026340602293158,1.236708808206871,0.15392598146581526,4.853945028563269,-1.0026340602293158,-1.236708808206871,0.15392598146581526
0.6737588652482269,Herbivore aquatic surface,Herbivore aquatic,FALSE,3.1446778860266185,-0.3844100768458176,0.4331148820887887,0.525416181346195,3.1444190792609876,0.37973060322733004,0.4468427908637227,0.5338885315576398,3.1444190792609876,-0.37973060322733004,0.4468427908637227,0.5338885315576398
0.6842105263157895,Aquatic dive,Aquatic predator,FALSE,4.13918557006175,0.00764744716255161,0.608141876518371,0.919179875852343,4.138926763296119,0.01232692078103917,0.621869785293305,0.9276522260637877,4.138926763296119,0.01232692078103917,0.621869785293305,0.9276522260637877
0.6992481203007519,Aquatic dive,Aquatic predator,FALSE,4.1075733199413635,-0.18702455751953206,0.6941613731534073,-0.312044160806425,4.107314513175733,0.1823450839010445,0.7078892819283413,0.30357181059498023,4.107314513175733,-0.1823450839010445,0.7078892819283413,-0.30357181059498023
0.7014925373134329,Aquatic perch,Aquatic predator,FALSE,0.40051452394289405,-1.5941094974802128,0.3481035461455014,0.21126441183029893,0.40025571717726327,1.5894300238617252,0.3618314549204354,0.2197367620417437,0.40025571717726327,-1.5894300238617252,0.3618314549204354,0.2197367620417437
0.75,Herbivore aquatic ground,Herbivore aquatic,FALSE,3.53169403948638,0.120645241743707,0.541476051967281,0.387605502829941,3.531435232720749,0.12532471536219456,0.555203960742215,0.39607785304138576,3.531435232720749,0.12532471536219456,0.555203960742215,0.39607785304138576
0.75,Herbivore aquatic surface,Herbivore aquatic,FALSE,2.839675782039445,-0.4904919763525465,0.654902603400778,0.7598338921805574,2.839416975273814,0.4858125027340589,0.668630512175712,0.7683062423920022,2.839416975273814,-0.4858125027340589,0.668630512175712,0.7683062423920022
0.7730496453900709,Aquatic ground,Aquatic predator,FALSE,5.342257052169884,-1.123338322724741,0.71833406829741,-0.4046637526664023,5.341998245404253,1.1186588491062535,0.732061977072344,0.39619140245495754,5.341998245404253,-1.1186588491062535,0.732061977072344,-0.39619140245495754
0.7801418439716312,Granivore arboreal,Granivore,FALSE,-1.223074443038011,-0.24852801469680635,-0.37774265248649863,0.578602812322212,1.2233332498036418,0.2438485410783188,0.3640147437115646,0.5870751625336568,-1.2233332498036418,-0.2438485410783188,-0.3640147437115646,0.5870751625336568
0.8085106382978723,Vertivore ground,Vertivore,FALSE,2.450812361135115,-0.027995988753369505,-0.5798465558081105,-0.460742964434511,2.4505535543694843,0.023316515134881945,0.5661186470331765,0.45227061422306625,2.4505535543694843,-0.023316515134881945,-0.5661186470331765,-0.45227061422306625
0.8175182481751825,Invertivore bark,Invertivore,FALSE,-0.1294017314566332,-0.3481083866813242,0.03351164450727322,-0.07822134202182665,0.12966053822226395,0.3434289130628366,0.047239553282207226,0.06974899181038187,-0.12966053822226395,-0.3434289130628366,0.047239553282207226,-0.06974899181038187
0.8297872340425532,Generalist,Invertivore,FALSE,-0.8519528594039097,-0.008932651414381387,-0.1450660245129453,-0.025158094980767955,0.8522116661695405,0.004253177795893826,0.1313381157380113,0.016685744769323173,-0.8522116661695405,-0.004253177795893826,-0.1313381157380113,-0.016685744769323173
0.8405797101449275,Invertivore sally ground,Invertivore,FALSE,-0.3944743448823482,-0.05723660340015763,-0.10632681864278673,-0.05972465966026795,0.394733151647979,0.05255712978167007,0.09259890986785271,0.05125230944882317,-0.394733151647979,-0.05255712978167007,-0.09259890986785271,-0.05125230944882317
0.8723404255319149,Aquatic ground,Aquatic predator,FALSE,0.31579012695348385,0.05002724330504419,0.7535220960491532,-0.2391110780366842,0.31553132018785307,0.054706716923531754,0.7672500048240872,0.23063872782523942,0.31553132018785307,0.054706716923531754,0.7672500048240872,-0.23063872782523942
0.8936170212765957,Invertivore sally air,Invertivore,FALSE,-0.9887655267842808,-0.22616701281037077,-0.2937986181537952,-0.11605126413549538,0.9890243335499115,0.22148753919188321,0.2800707093788612,0.1075789139240506,-0.9890243335499115,-0.22148753919188321,-0.2800707093788612,-0.1075789139240506
0.900709219858156,Aquatic ground,Aquatic predator,FALSE,3.334233721463697,-0.7988280517767388,0.8402156942291467,-0.40401902593970446,3.333974914698066,0.7941485781582512,0.8539436030040807,0.3955466757282597,3.333974914698066,-0.7941485781582512,0.8539436030040807,-0.3955466757282597
0.9219858156028369,"NA",Omnivore,FALSE,3.804512857403344,0.44772991027203957,0.008140217867906543,-0.11852427005085596,3.8042540506377134,0.45240938389052715,0.021868126642840553,0.11005191983941118,3.8042540506377134,0.45240938389052715,0.021868126642840553,-0.11005191983941118
0.9349593495934959,Fugivore glean,Frugivore,FALSE,-0.047474283936235095,0.09416588830610909,-0.13252453878560014,0.18991087752654767,0.04773309070186585,0.09884536192459664,0.11879663001066612,0.19838322773799244,-0.04773309070186585,0.09884536192459664,-0.11879663001066612,0.19838322773799244
0.9772727272727273,Nectarivore aerial,Nectarivore,FALSE,-3.192620897738161,-1.18323122543364,0.6525239165287559,-0.5934074248627271,3.1928797045037918,1.1785517518151523,0.6662518253036899,0.5849350746512824,-3.1928797045037918,-1.1785517518151523,0.6662518253036899,-0.5849350746512824
0.9787234042553191,Invertivore aerial,Invertivore,FALSE,-1.4526458211597437,0.8232400476870805,-0.17678434348471123,-0.0292386999709541,1.4529046279253746,0.827919521305568,0.1630564347097772,0.020766349759509316,-1.4529046279253746,0.827919521305568,-0.1630564347097772,-0.020766349759509316
0.9858156028368794,Invertivore ground,Invertivore,FALSE,-0.3086728558856764,0.15388775767212626,0.11693904107605767,-0.12597079730373514,0.30893166265130717,0.1585672312906138,0.13066694985099167,0.11749844709229036,-0.30893166265130717,0.1585672312906138,0.13066694985099167,-0.11749844709229036
0.9929078014184397,Invertivore glean arboreal,Invertivore,FALSE,-1.3936647995402556,0.05893206218806403,-0.07213577236735426,-0.07456826628697102,1.3939236063058864,0.06361153580655159,0.05840786359242025,0.06609591607552624,-1.3939236063058864,0.06361153580655159,-0.05840786359242025,-0.06609591607552624
1,Granivore ground,Granivore,FALSE,-0.7649348339640172,0.23861502968695036,-0.15952294326388386,0.26391563421662567,0.7651936407296479,0.24329450330543792,0.14579503448894984,0.27238798442807044,-0.7651936407296479,0.24329450330543792,-0.14579503448894984,0.27238798442807044
1,Granivore ground,Granivore,FALSE,3.188722576096683,-0.58923721020362,-0.5063792798714537,0.6185986828821897,3.1884637693310522,0.5845577365851324,0.4926513710965197,0.6270710330936344,3.1884637693310522,-0.5845577365851324,-0.4926513710965197,0.6270710330936344
1,Invertivore aerial,Invertivore,FALSE,-3.30093739271777,1.01146388348047,-0.223788467401953,0.156168298016102,3.301196199483401,1.0161433570989575,0.21006055862701897,0.16464064822754676,-3.301196199483401,1.0161433570989575,-0.21006055862701897,0.16464064822754676
1,Invertivore sally ground,Invertivore,TRUE,2.93235039070171,-0.445961978313692,-0.903445552896923,0.42460639279639,2.9320915839360793,0.4412825046952044,0.889717644121989,0.4330787430078348,2.9320915839360793,-0.4412825046952044,-0.889717644121989,0.4330787430078348
1,"NA",Omnivore,FALSE,0.13680046490189332,0.055303268168640514,-0.0779806682069467,0.08846171137620065,0.13654165813626257,0.05998274178712808,0.0642527594320127,0.09693406158764543,0.13654165813626257,0.05998274178712808,-0.0642527594320127,0.09693406158764543
1,"NA",Omnivore,FALSE,7.13926963794406,1.39434516762873,1.05637552033318,0.600127052661788,7.139010831178429,1.3990246412472176,1.070103429108114,0.6085994028732328,7.139010831178429,1.3990246412472176,1.070103429108114,0.6085994028732328
1,Invertivore ground,Invertivore,FALSE,2.57704801415512,-1.53134718918797,-0.463167209513943,-0.369875145423246,2.5767892073894894,1.5266677155694823,0.449439300739009,0.36140279521180124,2.5767892073894894,-1.5266677155694823,-0.449439300739009,-0.36140279521180124
1,"NA",Omnivore,FALSE,2.4552964532768,-1.59759740898089,-0.140960831269397,0.175448912331812,2.455037646511169,1.5929179353624023,0.127232922494463,0.1839212625432568,2.455037646511169,-1.5929179353624023,-0.127232922494463,0.1839212625432568
1,Granivore arboreal,Granivore,FALSE,3.75745912837849,-1.04088107093562,-1.34555738161866,0.492290635665088,3.757200321612859,1.0362015973171324,1.3318294728437259,0.5007629858765328,3.757200321612859,-1.0362015973171324,-1.3318294728437259,0.5007629858765328
1,Nectarivore aerial,Nectarivore,FALSE,-2.23936739439675,-1.29608603370209,-0.0185429993717789,-0.674678782202911,2.239626201162381,1.2914065600836024,0.0048150905968448905,0.6662064319914662,-2.239626201162381,-1.2914065600836024,-0.0048150905968448905,-0.6662064319914662
1,Nectarivore glean,Nectarivore,FALSE,0.0114124205958143,-0.378927326703989,-0.303083264194154,-1.49473427272048,0.011153613830183545,0.3742478530855014,0.28935535541922,1.4862619225090352,0.011153613830183545,-0.3742478530855014,-0.28935535541922,-1.4862619225090352
1,Invertivore aerial,Invertivore,FALSE,-3.38023947733506,1.18395565739729,-0.619079046094672,-0.109847660167487,3.3804982841006908,1.1886351310157777,0.605351137319738,0.10137530995604221,-3.3804982841006908,1.1886351310157777,-0.605351137319738,-0.10137530995604221
